<?xml version="1.0" encoding="utf-8"?>
<odoo>
	<data noupdate="1">
		<!-- Supported Country : US -->
		<record id="fedex_package_envelope" model="stock.package.type">
			<field name="name">FedEx Envelope</field>
			<field name="shipper_package_code">FEDEX_ENVELOPE</field>
			<field name="package_carrier_type">fedex_shipping_provider</field>
			<field name="max_weight">0.5</field>
		</record>
		<!-- Supported Country : US -->
		<record id="fedex_package_tube" model="stock.package.type">
			<field name="name">FedEx Tube</field>
			<field name="shipper_package_code">FEDEX_TUBE</field>
			<field name="package_carrier_type">fedex_shipping_provider</field>
			<field name="max_weight">9.00</field>
		</record>
		<record id="fedex_package_10kg_box" model="stock.package.type">
			<field name="name">FedEx 10kg Box</field>
			<field name="shipper_package_code">FEDEX_10KG_BOX</field>
			<field name="package_carrier_type">fedex_shipping_provider</field>
			<field name="max_weight">10</field>
		</record>
		<record id="fedex_package_25kg_box" model="stock.package.type">
			<field name="name">FedEx 25kg Box</field>
			<field name="shipper_package_code">FEDEX_25KG_BOX</field>
			<field name="package_carrier_type">fedex_shipping_provider</field>
			<field name="max_weight">25</field>
		</record>
		<!-- Supported in any country -->
		<record id="fedex_package_your_packaging" model="stock.package.type">
			<field name="name">Fedex Your Packaging</field>
			<field name="shipper_package_code">YOUR_PACKAGING</field>
			<field name="package_carrier_type">fedex_shipping_provider</field>
		</record>
				<!-- Supported Country : US -->
		<record id="fedex_package_box" model="stock.package.type">
	        <field name="name">Fedex Box</field>
	        <field name="shipper_package_code">FEDEX_BOX</field>
	        <field name="package_carrier_type">fedex_shipping_provider</field>
	        <field name="max_weight">9.07</field>
	    </record>
		<!-- Supported Country : US -->
		<record id="fedex_package_pak" model="stock.package.type">
			<field name="name">FedEx Pak</field>
			<field name="shipper_package_code">FEDEX_PAK</field>
			<field name="package_carrier_type">fedex_shipping_provider</field>
			<field name="max_weight">2.5</field>
		</record>
		<record id="fedex_package_small_box" model="stock.package.type">
			<field name="name">FedEx Small Box</field>
			<field name="shipper_package_code">FEDEX_SMALL_BOX</field>
			<field name="package_carrier_type">fedex_shipping_provider</field>
			<field name="max_weight">9.00</field>
		</record>
		<record id="fedex_package_medium_box" model="stock.package.type">
			<field name="name">FedEx Medium Box</field>
			<field name="shipper_package_code">FEDEX_MEDIUM_BOX</field>
			<field name="package_carrier_type">fedex_shipping_provider</field>
			<field name="max_weight">9.00</field>
		</record>

		<record id="fedex_package_large_box" model="stock.package.type">
			<field name="name">FedEx Large Box</field>
			<field name="shipper_package_code">FEDEX_LARGE_BOX</field>
			<field name="package_carrier_type">fedex_shipping_provider</field>
			<field name="max_weight">13.00</field>
		</record>
	</data>
</odoo>
