<?xml version="1.0" encoding="utf-8" ?>
<odoo>
    <data noupdate="1">
        <record forcecreate="True" id="auto_generate_token_fedex" model="ir.cron">
            <field name="name">Auto generate token</field>
            <field name="model_id" ref="model_delivery_carrier"/>
            <field name="state">code</field>
            <field name="code">model.auto_generate_fedex_access_token()</field>
            <field name="active" eval="False"/>
            <field name="user_id" ref="base.user_root"/>
            <field name="interval_number">1</field>
            <field name="interval_type">hours</field>
            <field name="numbercall">-1</field>
            <field name="doall" eval="False"/>
        </record>
    </data>
</odoo>